{
  "examples": [
    {
      "type": "definition",
      "question": "What is a supply chain?",
      "answer": "A supply chain is a network of individuals, organizations, resources, activities, and technologies involved in the creation and sale of a product, from the delivery of source materials to the end customer. This is an example of how to structure a definition response."
    },
    {
      "type": "comparison",
      "question": "How does a partnership differ from a corporation?",
      "answer": "| **Aspect**         | **Partnership**                                | **Corporation**                                |\n|-------------------|---------------------------------------------|---------------------------------------------|\n| **Ownership**    | Owned by two or more individuals.           | Owned by shareholders.                      |\n| **Liability**    | Partners have personal liability.           | Limited liability for shareholders.         |\n| **Taxation**     | Income is taxed as personal income.         | Separate entity; taxed as corporate income. |\n| **Management**   | Managed by partners.                        | Managed by a board of directors.            |\n\nThis is an example of how to format a comparison table for answering such questions."
    },
    {
      "type": "summarization",
      "question": "Summarize the role of customer service in business.",
      "answer": "Customer service plays a pivotal role in business success by building strong customer relationships, resolving issues promptly, and enhancing brand loyalty. Excellent customer service contributes to customer retention, positive word-of-mouth, and long-term profitability. This demonstrates how to structure a summarization response."
    },
    {
      "type": "troubleshooting",
      "question": "What are common issues when integrating APIs?",
      "answer": "- **Authentication Failures:** Incorrect credentials or token mismanagement.\n- **Data Format Mismatch:** The API and client use incompatible formats.\n- **Timeouts:** Delays in server response causing errors.\n- **Versioning Conflicts:** Updates to the API breaking older integrations.\n\nThis response serves as an example for structuring troubleshooting guidance."
    },
    {
      "type": "integration",
      "question": "How do CRM and ERP systems integrate?",
      "answer": "- **Data Synchronization:** Customer data flows seamlessly between CRM and ERP.\n- **Order Management:** CRM captures orders which ERP processes for fulfillment.\n- **Financial Reporting:** ERP uses CRM sales data for revenue analysis.\n- **Customer Insights:** ERP transaction data enhances CRM's customer profiling.\n\nThis is a template example for answering integration-related questions."
    },
    {
      "type": "explanation",
      "question": "Explain the importance of version control in software development.",
      "answer": "Version control systems allow developers to track changes, collaborate effectively, and revert to earlier versions if needed. This ensures code integrity, streamlines collaboration in teams, and facilitates project management by maintaining a complete history of code modifications. This serves as an example response to explanation-type questions."
    },
    {
      "type": "example",
      "question": "Provide an example of using predictive analytics in retail.",
      "answer": "**Example:** A retail chain uses predictive analytics to forecast product demand based on historical sales data, seasonal trends, and local events. This enables better inventory management and reduced stockouts. This is a sample structure for providing illustrative examples."
    },
    {
      "type": "informal",
      "question": "What's the deal with APIs?",
      "answer": "**APIs (Application Programming Interfaces):**\n- They're like bridges letting two apps talk to each other.\n- Example: Your weather app gets live updates from a weather service API.\n- Why care? APIs make apps smarter and more connected.\n\nThis illustrates how to provide informal responses."
    },
    {
      "type": "contextualization",
      "question": "How does cloud computing relate to energy efficiency?",
      "answer": "Cloud computing improves energy efficiency by consolidating computing resources into optimized data centers, reducing the need for physical hardware and energy consumption across distributed systems. This is an example of contextualizing a response based on a specific query."
    },
    {
      "type": "technical_specification",
      "question": "What are the system requirements for deploying this application?",
      "answer": "**System Requirements:**\n- **Hardware:**\n  - Minimum CPU: 4 cores\n  - RAM: 8GB minimum\n  - Storage: 100GB SSD\n- **Software:**\n  - Operating System: Linux/Windows Server\n  - Dependencies: Listed versions\n  - Network: 100Mbps minimum"
    },
    {
      "type": "workflow_explanation",
      "question": "What is the typical workflow for setting up a new user in an IT system?",
      "answer": "- **Request Submission:** A manager submits a request for a new user setup.\n- **Approval:** The request is reviewed and approved by the IT team.\n- **User Account Creation:** The IT team creates the user account and assigns appropriate roles.\n- **Notification:** The new user is informed of their credentials and access rights.\n\nThis example shows how to structure a workflow explanation."
    },
    {
      "type": "procedure",
      "question": "How to implement data backup procedures?",
      "answer": "1. **Assessment:**\n   - Identify critical data\n   - Determine backup frequency\n2. **Implementation:**\n   - Configure backup tools\n   - Set up automation\n3. **Verification:**\n   - Test backup integrity\n   - Document recovery procedures"
    }
  ],
  "formatting_rules": {
    "tables": {
      "header_style": "**bold**",
      "alignment": "left",
      "require_divider": true
    },
    "lists": {
      "main_item_prefix": "- ",
      "sub_item_indent": "  ",
      "key_terms_style": "**bold**"
    },
    "sections": {
      "header_style": "**bold**",
      "require_blank_lines": true
    }
  }
}
